gene,approval_year,source
ABL1,2001,chembl_rest_approved_immune
ACHE,1951,chembl_rest_approved_immune
ACVR1,2022,chembl_rest_approved_immune
ADA,1991,chembl_rest_approved_immune
ADAMTS13,2023,chembl_rest_approved_immune
ADRA1A,1952,chembl_rest_approved_immune
ADRA1B,1952,chembl_rest_approved_immune
ADRA1D,1952,chembl_rest_approved_immune
ADRA2A,1965,chembl_rest_approved_immune
ADRA2B,1965,chembl_rest_approved_immune
ADRA2C,1965,chembl_rest_approved_immune
ADRB1,1965,chembl_rest_approved_immune
ADRB2,1965,chembl_rest_approved_immune
ADRB3,1965,chembl_rest_approved_immune
ADRM1,2003,chembl_rest_approved_immune
AHR,2022,chembl_rest_approved_immune
ALOX5,1950,chembl_rest_approved_immune
AR,2018,chembl_rest_approved_immune
ATP4A,1989,chembl_rest_approved_immune
ATP4B,1989,chembl_rest_approved_immune
AXL,2018,chembl_rest_approved_immune
BCL2,2016,chembl_rest_approved_immune
BCR,2001,chembl_rest_approved_immune
BLK,2006,chembl_rest_approved_immune
BTK,2013,chembl_rest_approved_immune
C1S,2022,chembl_rest_approved_immune
C5,2007,chembl_rest_approved_immune
C5AR1,2021,chembl_rest_approved_immune
CCR4,2018,chembl_rest_approved_immune
CD19,2014,chembl_rest_approved_immune
CD2,2003,chembl_rest_approved_immune
CD22,2017,chembl_rest_approved_immune
CD33,2000,chembl_rest_approved_immune
CD38,2015,chembl_rest_approved_immune
CD3D,1986,chembl_rest_approved_immune
CD3E,1986,chembl_rest_approved_immune
CD3G,1986,chembl_rest_approved_immune
CD52,2001,chembl_rest_approved_immune
CD79B,2019,chembl_rest_approved_immune
CD80,2006,chembl_rest_approved_immune
CD86,2006,chembl_rest_approved_immune
CDA,2020,chembl_rest_approved_immune
CHRM1,1957,chembl_rest_approved_immune
CHRM2,1960,chembl_rest_approved_immune
CHRM3,1957,chembl_rest_approved_immune
CRBN,1956,chembl_rest_approved_immune
CSF1R,2023,chembl_rest_approved_immune
CSF2RA,1991,chembl_rest_approved_immune
CSF2RB,1991,chembl_rest_approved_immune
CSF3R,1991,chembl_rest_approved_immune
CSNK1E,2021,chembl_rest_approved_immune
CUL4A,1956,chembl_rest_approved_immune
CXCR4,2008,chembl_rest_approved_immune
CYSLTR1,1998,chembl_rest_approved_immune
DDB1,1956,chembl_rest_approved_immune
DHFR,1953,chembl_rest_approved_immune
DHODH,1998,chembl_rest_approved_immune
DNMT1,2004,chembl_rest_approved_immune
DNMT3A,2004,chembl_rest_approved_immune
DRD2,1961,chembl_rest_approved_immune
EDNRA,2001,chembl_rest_approved_immune
EDNRB,2001,chembl_rest_approved_immune
EEF2,2018,chembl_rest_approved_immune
EPHA2,2006,chembl_rest_approved_immune
EZH2,2020,chembl_rest_approved_immune
F9,2024,chembl_rest_approved_immune
FAAH,1968,chembl_rest_approved_immune
FCGRT,2021,chembl_rest_approved_immune
FDPS,2001,chembl_rest_approved_immune
FGFR1,2014,chembl_rest_approved_immune
FGFR2,2014,chembl_rest_approved_immune
FGFR3,2014,chembl_rest_approved_immune
FGFR4,2014,chembl_rest_approved_immune
FGR,2006,chembl_rest_approved_immune
FKBP1A,1994,chembl_rest_approved_immune
FLT1,2014,chembl_rest_approved_immune
FLT3,2017,chembl_rest_approved_immune
FLT4,2014,chembl_rest_approved_immune
FRK,2006,chembl_rest_approved_immune
FYN,2006,chembl_rest_approved_immune
GABBR1,1977,chembl_rest_approved_immune
GABBR2,1977,chembl_rest_approved_immune
GCGR,2021,chembl_rest_approved_immune
GPRC5D,2023,chembl_rest_approved_immune
GRIN2A,1984,chembl_rest_approved_immune
GSR,1977,chembl_rest_approved_immune
HCK,2006,chembl_rest_approved_immune
HDAC1,2015,chembl_rest_approved_immune
HDAC10,2015,chembl_rest_approved_immune
HDAC11,2015,chembl_rest_approved_immune
HDAC2,2015,chembl_rest_approved_immune
HDAC3,2015,chembl_rest_approved_immune
HDAC4,2015,chembl_rest_approved_immune
HDAC5,2015,chembl_rest_approved_immune
HDAC6,2015,chembl_rest_approved_immune
HDAC7,2015,chembl_rest_approved_immune
HDAC8,2015,chembl_rest_approved_immune
HDAC9,2015,chembl_rest_approved_immune
HRH1,1939,chembl_rest_approved_immune
HRH2,1986,chembl_rest_approved_immune
IDH1,2018,chembl_rest_approved_immune
IDH2,2017,chembl_rest_approved_immune
IFNAR1,1986,chembl_rest_approved_immune
IFNAR2,1986,chembl_rest_approved_immune
IFNG,2018,chembl_rest_approved_immune
IFNGR1,1999,chembl_rest_approved_immune
IFNGR2,1999,chembl_rest_approved_immune
IGF1R,2020,chembl_rest_approved_immune
IL12A,2009,chembl_rest_approved_immune
IL12B,2009,chembl_rest_approved_immune
IL13,2021,chembl_rest_approved_immune
IL17A,2015,chembl_rest_approved_immune
IL17F,2021,chembl_rest_approved_immune
IL17RA,2017,chembl_rest_approved_immune
IL1B,2008,chembl_rest_approved_immune
IL1R1,2001,chembl_rest_approved_immune
IL1RAP,2022,chembl_rest_approved_immune
IL1RL2,2022,chembl_rest_approved_immune
IL23A,2009,chembl_rest_approved_immune
IL2RA,1997,chembl_rest_approved_immune
IL2RB,1997,chembl_rest_approved_immune
IL2RG,1997,chembl_rest_approved_immune
IL31RA,,
IL3RA,2018,chembl_rest_approved_immune
IL4R,2017,chembl_rest_approved_immune
IL5,2015,chembl_rest_approved_immune
IL6,2014,chembl_rest_approved_immune
IL6R,2005,chembl_rest_approved_immune
IL6ST,2020,chembl_rest_approved_immune
IMPDH1,1966,chembl_rest_approved_immune
IMPDH2,1966,chembl_rest_approved_immune
INSR,2000,chembl_rest_approved_immune
IRAK1,2022,chembl_rest_approved_immune
ITGA4,2004,chembl_rest_approved_immune
ITGAL,2003,chembl_rest_approved_immune
ITGB1,2004,chembl_rest_approved_immune
ITGB2,2003,chembl_rest_approved_immune
ITGB7,2004,chembl_rest_approved_immune
JAK1,2011,chembl_rest_approved_immune
JAK2,2011,chembl_rest_approved_immune
JAK3,2011,chembl_rest_approved_immune
KCNA1,1939,chembl_rest_approved_immune
KCNA10,1939,chembl_rest_approved_immune
KCNA2,1939,chembl_rest_approved_immune
KCNA3,1939,chembl_rest_approved_immune
KCNA4,1939,chembl_rest_approved_immune
KCNA5,1939,chembl_rest_approved_immune
KCNA6,1939,chembl_rest_approved_immune
KCNA7,1939,chembl_rest_approved_immune
KCNB1,1939,chembl_rest_approved_immune
KCNB2,1939,chembl_rest_approved_immune
KCNC1,1939,chembl_rest_approved_immune
KCNC2,1939,chembl_rest_approved_immune
KCNC3,1939,chembl_rest_approved_immune
KCNC4,1939,chembl_rest_approved_immune
KCND1,1939,chembl_rest_approved_immune
KCND2,1939,chembl_rest_approved_immune
KCND3,1939,chembl_rest_approved_immune
KCNF1,1939,chembl_rest_approved_immune
KCNG1,1939,chembl_rest_approved_immune
KCNG2,1939,chembl_rest_approved_immune
KCNG3,1939,chembl_rest_approved_immune
KCNG4,1939,chembl_rest_approved_immune
KCNH1,1939,chembl_rest_approved_immune
KCNH2,1939,chembl_rest_approved_immune
KCNH3,1939,chembl_rest_approved_immune
KCNH4,1939,chembl_rest_approved_immune
KCNH5,1939,chembl_rest_approved_immune
KCNH6,1939,chembl_rest_approved_immune
KCNH7,1939,chembl_rest_approved_immune
KCNH8,1939,chembl_rest_approved_immune
KCNQ1,1939,chembl_rest_approved_immune
KCNQ2,1939,chembl_rest_approved_immune
KCNQ3,1939,chembl_rest_approved_immune
KCNQ4,1939,chembl_rest_approved_immune
KCNQ5,1939,chembl_rest_approved_immune
KCNS1,1939,chembl_rest_approved_immune
KCNS2,1939,chembl_rest_approved_immune
KCNS3,1939,chembl_rest_approved_immune
KCNV1,1939,chembl_rest_approved_immune
KCNV2,1939,chembl_rest_approved_immune
KDR,2014,chembl_rest_approved_immune
KEAP1,2013,chembl_rest_approved_immune
KIT,2001,chembl_rest_approved_immune
LCK,2006,chembl_rest_approved_immune
LYN,2006,chembl_rest_approved_immune
MC2R,1950,chembl_rest_approved_immune
MIF,,
MPL,2008,chembl_rest_approved_immune
MS4A1,1997,chembl_rest_approved_immune
NR3C1,1950,chembl_rest_approved_immune
NTRK1,,
NTRK2,,
NTRK3,,
PDCD1,2023,chembl_rest_approved_immune
PDE10A,1989,chembl_rest_approved_immune
PDE3A,1989,chembl_rest_approved_immune
PDE3B,1997,chembl_rest_approved_immune
PDE4A,1989,chembl_rest_approved_immune
PDE4B,1989,chembl_rest_approved_immune
PDE4C,1989,chembl_rest_approved_immune
PDE4D,1989,chembl_rest_approved_immune
PDE5A,1989,chembl_rest_approved_immune
PDGFRA,2014,chembl_rest_approved_immune
PDGFRB,2001,chembl_rest_approved_immune
PGR,1971,chembl_rest_approved_immune
PIK3CA,2017,chembl_rest_approved_immune
PIK3CD,2014,chembl_rest_approved_immune
PIK3CG,2018,chembl_rest_approved_immune
POLA1,1969,chembl_rest_approved_immune
POLA2,1969,chembl_rest_approved_immune
POLD1,1969,chembl_rest_approved_immune
POLD2,1969,chembl_rest_approved_immune
POLD3,1969,chembl_rest_approved_immune
POLD4,1969,chembl_rest_approved_immune
POLE,1969,chembl_rest_approved_immune
POLE2,1969,chembl_rest_approved_immune
POLE3,1969,chembl_rest_approved_immune
PPARG,1987,chembl_rest_approved_immune
PPAT,1968,chembl_rest_approved_immune
PPIA,1983,chembl_rest_approved_immune
PPP3CA,2021,chembl_rest_approved_immune
PRIM1,1969,chembl_rest_approved_immune
PRIM2,1969,chembl_rest_approved_immune
PRKCA,2017,chembl_rest_approved_immune
PRKCB,2017,chembl_rest_approved_immune
PRKCD,2017,chembl_rest_approved_immune
PRKCE,2017,chembl_rest_approved_immune
PRKCG,2017,chembl_rest_approved_immune
PRKCH,2017,chembl_rest_approved_immune
PRKCI,2017,chembl_rest_approved_immune
PRKCQ,2017,chembl_rest_approved_immune
PRKCZ,2017,chembl_rest_approved_immune
PRKD1,2017,chembl_rest_approved_immune
PRKD3,2017,chembl_rest_approved_immune
PSMA1,2003,chembl_rest_approved_immune
PSMA2,2003,chembl_rest_approved_immune
PSMA3,2003,chembl_rest_approved_immune
PSMA4,2003,chembl_rest_approved_immune
PSMA5,2003,chembl_rest_approved_immune
PSMA6,2003,chembl_rest_approved_immune
PSMA7,2003,chembl_rest_approved_immune
PSMA8,2003,chembl_rest_approved_immune
PSMB1,2003,chembl_rest_approved_immune
PSMB10,2003,chembl_rest_approved_immune
PSMB11,2003,chembl_rest_approved_immune
PSMB2,2003,chembl_rest_approved_immune
PSMB3,2003,chembl_rest_approved_immune
PSMB4,2003,chembl_rest_approved_immune
PSMB5,2003,chembl_rest_approved_immune
PSMB6,2003,chembl_rest_approved_immune
PSMB7,2003,chembl_rest_approved_immune
PSMB8,2003,chembl_rest_approved_immune
PSMB9,2003,chembl_rest_approved_immune
PSMC1,2003,chembl_rest_approved_immune
PSMC2,2003,chembl_rest_approved_immune
PSMC3,2003,chembl_rest_approved_immune
PSMC4,2003,chembl_rest_approved_immune
PSMC5,2003,chembl_rest_approved_immune
PSMC6,2003,chembl_rest_approved_immune
PSMD1,2003,chembl_rest_approved_immune
PSMD11,2003,chembl_rest_approved_immune
PSMD12,2003,chembl_rest_approved_immune
PSMD13,2003,chembl_rest_approved_immune
PSMD14,2003,chembl_rest_approved_immune
PSMD2,2003,chembl_rest_approved_immune
PSMD3,2003,chembl_rest_approved_immune
PSMD4,2003,chembl_rest_approved_immune
PSMD6,2003,chembl_rest_approved_immune
PSMD7,2003,chembl_rest_approved_immune
PSMD8,2003,chembl_rest_approved_immune
PTAFR,,
PTGER3,1988,chembl_rest_approved_immune
PTGS1,1950,chembl_rest_approved_immune
PTGS2,1950,chembl_rest_approved_immune
RARA,1971,chembl_rest_approved_immune
RARB,1971,chembl_rest_approved_immune
RARG,1971,chembl_rest_approved_immune
RBX1,1956,chembl_rest_approved_immune
RET,2023,chembl_rest_approved_immune
ROCK1,2021,chembl_rest_approved_immune
ROCK2,2021,chembl_rest_approved_immune
RRM1,1967,chembl_rest_approved_immune
RRM2,1967,chembl_rest_approved_immune
RRM2B,1967,chembl_rest_approved_immune
RXRA,1986,chembl_rest_approved_immune
RXRB,1986,chembl_rest_approved_immune
RXRG,1986,chembl_rest_approved_immune
RYR1,1974,chembl_rest_approved_immune
RYR3,1974,chembl_rest_approved_immune
S1PR1,2010,chembl_rest_approved_immune
S1PR2,2010,chembl_rest_approved_immune
S1PR3,2010,chembl_rest_approved_immune
S1PR4,2010,chembl_rest_approved_immune
S1PR5,2010,chembl_rest_approved_immune
SEM1,2003,chembl_rest_approved_immune
SIGMAR1,1984,chembl_rest_approved_immune
SLAMF7,2015,chembl_rest_approved_immune
SLC5A1,2019,chembl_rest_approved_immune
SLC5A2,2014,chembl_rest_approved_immune
SLC6A2,1963,chembl_rest_approved_immune
SMO,2018,chembl_rest_approved_immune
SRC,2006,chembl_rest_approved_immune
SRMS,2006,chembl_rest_approved_immune
SYK,2018,chembl_rest_approved_immune
TLR7,1955,chembl_rest_approved_immune
TLR9,1955,chembl_rest_approved_immune
TNF,1998,chembl_rest_approved_immune
TNFRSF17,2020,chembl_rest_approved_immune
TNFSF11,2010,chembl_rest_approved_immune
TNFSF13B,2011,chembl_rest_approved_immune
TOP2A,1974,chembl_rest_approved_immune
TRAF3IP2,,
TRPA1,2008,chembl_rest_approved_immune
TRPM8,2008,chembl_rest_approved_immune
TRPV1,1968,chembl_rest_approved_immune
TUBA1A,1961,chembl_rest_approved_immune
TUBA1B,1961,chembl_rest_approved_immune
TUBA1C,1961,chembl_rest_approved_immune
TUBA3C,1961,chembl_rest_approved_immune
TUBA3E,1961,chembl_rest_approved_immune
TUBA4A,1961,chembl_rest_approved_immune
TUBB,1961,chembl_rest_approved_immune
TUBB1,1961,chembl_rest_approved_immune
TUBB2A,1961,chembl_rest_approved_immune
TUBB2B,1961,chembl_rest_approved_immune
TUBB3,1961,chembl_rest_approved_immune
TUBB4A,1961,chembl_rest_approved_immune
TUBB4B,1961,chembl_rest_approved_immune
TUBB6,1961,chembl_rest_approved_immune
TUBB8,1961,chembl_rest_approved_immune
TXNRD1,2000,chembl_rest_approved_immune
TYK2,2011,chembl_rest_approved_immune
TYR,1952,chembl_rest_approved_immune
UGCG,2002,chembl_rest_approved_immune
UMPS,,
VDR,1978,chembl_rest_approved_immune
VWF,2018,chembl_rest_approved_immune
XPO1,2019,chembl_rest_approved_immune
YES1,2006,chembl_rest_approved_immune
